RuntimeInSeconds,ELBO
0,-47172.53623965456
3,-46908.53357615721
6,-46645.33665049651
9,-46178.1654547905
11,-45869.03385965115
14,-45565.8442552678
17,-45482.8202059616
20,-45221.46563245346
23,-45131.5472768109
25,-45059.59737862769
28,-44987.857956873915
31,-44781.80244791279
34,-44699.89181342992
36,-44671.1549337988
39,-44736.323856093564
42,-44608.068931921494
44,-44573.720420047204
47,-44512.57840873662
49,-44459.81802223809
52,-44377.81223857741
55,-44519.475741607974
57,-44430.41153076991
60,-44397.97021000642
63,-44331.97055500185
66,-44291.1034523036
69,-44275.28733876918
72,-44200.58467760295
74,-44110.48237725854
77,-44219.04117452377
80,-44118.10800750532
83,-44097.13320397097
86,-44252.35603586107
89,-44154.21949597982
92,-44035.29073326467
94,-44062.84193837806
97,-44094.86204723192
100,-44048.067177514095
103,-43998.34318388961
106,-43956.71490934368
108,-43949.13861490413
111,-43986.853816945746
113,-43945.30992634404
116,-43908.30650224766
119,-43881.655668411724
121,-43834.539594886286
124,-44004.67760443553
127,-43802.72764686274
129,-43832.27298011519
132,-43865.94620243378
135,-43831.765595262885
137,-43844.756004621224
140,-43756.91436314598
143,-43712.07789026748
146,-43637.14036342164
149,-43712.91083556743
151,-43739.02055838186
154,-43762.9402029433
157,-43655.3064228807
160,-43518.591763874465
162,-43646.74548476437
165,-43630.236386111166
168,-43718.93216277959
171,-43517.911407458836
174,-43586.18750686861
176,-43608.70190155749
179,-43508.19294227661
182,-43569.10497292807
184,-43448.08504348995
187,-43426.9345529853
190,-43512.13889828269
193,-43479.04587288247
196,-43533.73116671648
199,-43408.12563728405
202,-43443.83324117487
204,-43367.15817199494
207,-43444.14989130505
210,-43234.96928615451
213,-43258.017401518104
216,-43302.57656335384
218,-43254.463217403776
221,-43253.4286351896
223,-43304.93125247293
227,-43232.21610048057
229,-43291.95811386327
232,-43139.63194398759
234,-43095.34439530124
237,-43102.89958185903
240,-43077.54044478697
243,-43123.56849900363
245,-43109.93265904617
248,-43081.46358365109
251,-43067.952920704134
254,-42947.68052341189
256,-42897.13465899329
259,-42906.62379047936
262,-42921.36231092931
265,-42792.767500872076
268,-42781.889806938445
270,-42713.29853023636
273,-42971.64399558327
276,-42821.99316584924
278,-42839.509365394886
281,-42844.3851107533
284,-42672.40451538679
286,-42839.58888259074
289,-42704.48413284718
292,-42760.42273472106
295,-42686.253251171256
298,-42592.04146043425
301,-42617.69815986309
303,-42558.96476000876
306,-42520.54259029389
309,-42625.162664232346
312,-42479.757441015936
314,-42514.67006492794
317,-42511.7205688764
320,-42449.658738698105
322,-42481.943114554
325,-42438.77582014705
328,-42474.12132870808
330,-42370.432783054595
333,-42412.249181015184
336,-42324.82639431151
339,-42297.85113820988
341,-42380.39440932666
344,-42367.31213472086
347,-42278.54866479382
350,-42360.767396831245
352,-42342.61131050658
355,-42215.74795407125
358,-42235.24331171406
361,-42152.4121303126
364,-42170.716692106864
367,-42083.011570666684
369,-42115.40308333682
372,-42079.70812141518
374,-42065.90956582242
377,-42007.64232595036
380,-42036.70021523255
382,-41971.94188082385
385,-41961.278607629334
388,-41869.680001910245
390,-42006.359445088136
393,-41934.78204785271
396,-41934.35535847751
399,-41880.98845710097
402,-41904.96164762536
404,-41865.41248118754
407,-41935.16023610121
410,-41859.82662541211
412,-41850.01483373908
415,-41806.916810825736
418,-41844.175904489035
420,-41775.541470849435
423,-41733.33481706622
426,-41816.9707669891
428,-41787.6105849362
431,-41757.747873390515
434,-41841.29672600237
437,-41775.826951841205
440,-41805.76554834065
443,-41637.036719925236
445,-41676.68568606358
448,-41728.48492240579
451,-41669.52217113231
453,-41646.05074893754
456,-41661.57489819494
459,-41607.71120472356
461,-41593.819449420225
464,-41652.67037386029
467,-41610.8111711899
470,-41526.08037159303
472,-41604.545440688715
476,-41535.788468303275
478,-41543.775339444706
481,-41496.182985926804
484,-41603.73894256651
487,-41539.010876488916
489,-41393.933970828155
492,-41391.57254361573
495,-41444.87794045926
497,-41429.43857583495
500,-41403.625661554295
503,-41395.8851569032
505,-41397.94686834163
508,-41432.916958656904
511,-41409.55691161706
513,-41288.286176045534
516,-41426.70517185457
519,-41284.852411905245
522,-41430.89095897415
524,-41280.141815103125
527,-41281.984961493974
530,-41354.98216207093
532,-41309.78081942202
535,-41321.61429014093
537,-41252.36959539389
540,-41232.7121144771
543,-41297.122222871105
545,-41162.79246987327
548,-41221.188522035605
551,-41217.14376820824
553,-41192.00928672412
556,-41199.6765457307
559,-41165.176263876834
562,-41240.126929964135
564,-41137.36524868061
567,-41119.315487132626
569,-41153.52512092748
572,-41143.88999718801
575,-41113.28064070991
577,-41049.43322317968
580,-41089.358260195084
583,-41081.84404042454
586,-41087.85265308694
588,-41059.01233414458
591,-41093.425984884154
594,-41193.72062633118
596,-41119.28055589721
599,-40997.14582263744
602,-40992.18477669842
605,-41007.277242779324
607,-40962.86639486548
610,-41062.7770127609
613,-40958.30665283126
615,-41028.84237213327
618,-41025.996953682574
621,-41027.29588902586
624,-41015.76208405364
627,-40915.72011731451
629,-41126.93874123087
632,-40949.4652171617
634,-40934.47509087627
637,-40950.14837534851
640,-41050.69084742892
643,-40938.4287480591
646,-40892.94033571043
648,-40911.8327486437
651,-40860.90265000184
653,-40875.81893810278
656,-40870.10549933338
659,-40838.05194485228
661,-40921.61534618111
664,-40841.70967035021
667,-40880.101773034636
670,-40881.72003271546
673,-40809.496146065474
675,-40828.07966219332
678,-40853.47740776741
680,-40920.54271918197
683,-40834.74585250582
686,-40826.031217167416
688,-40819.57630414067
691,-40892.34055232021
694,-40749.89009479127
696,-40811.648069611176
699,-40740.772700264606
702,-40760.00994268026
704,-40804.81032506413
707,-40713.788606660826
710,-40813.49681971756
713,-40686.006193442765
715,-40687.62742030585
718,-40845.16380503661
720,-40774.058295966955
723,-40757.9861780874
726,-40686.17147549052
729,-40871.452022904086
731,-40688.1070963495
734,-40627.87767487909
737,-40691.071783852996
739,-40644.938261782125
742,-40703.69985045046
745,-40867.278354410206
748,-40603.173059900764
750,-40709.31405535514
753,-40690.12203920938
756,-40682.65579766268
759,-40698.15220055194
761,-40784.787150327946
764,-40638.69514723977
767,-40622.78348413101
769,-40650.08677433105
772,-40690.10467485001
775,-40613.65073326492
777,-40622.841322969114
780,-40596.98178346662
783,-40768.23628623145
786,-40548.50841354331
788,-40602.551117222865
791,-40610.64299547066
794,-40531.53717088625
797,-40610.197712823625
799,-40559.93393277835
802,-40638.168927305356
805,-40626.34743840454
808,-40543.55954349101
810,-40441.27479916797
813,-40587.29998778226
815,-40746.64421169241
818,-40543.12851622819
821,-40574.101831618544
824,-40481.36677872231
826,-40512.818068380264
830,-40531.77475143074
832,-40470.58253722899
835,-40490.48765200471
837,-40583.52431325655
840,-40479.39576197281
843,-40443.6779669521
846,-40501.28486979421
848,-40436.545813451856
851,-40429.71984045106
854,-40508.29686485671
856,-40464.74686505337
859,-40458.83278983186
862,-40480.2679317601
865,-40405.6609290281
867,-40450.77156207776
870,-40435.03478955133
873,-40528.26466638387
875,-40521.644664491854
878,-40417.28049723531
881,-40537.296514754125
883,-40531.67887134644
886,-40676.468694567935
888,-40454.023412437935
891,-40435.098695562054
894,-40481.88251966092
897,-40452.956288170935
900,-40362.8144765467
902,-40449.119868112066
905,-40383.5450975094
908,-40410.182897833496
910,-40441.18783541197
913,-40456.43776797464
916,-40375.59526151195
919,-40395.74015833321
922,-40403.21542174899
924,-40384.44849088353
927,-40365.7059799168
930,-40598.69111945693
932,-40371.47382550196
935,-40462.01011508099
938,-40484.2726184623
941,-40406.24697297961
943,-40412.220007561475
946,-40385.76413824202
949,-40387.4499466889
952,-40361.582416782265
955,-40464.82155862029
957,-40459.83132780899
960,-40259.477745898774
963,-40394.32664168512
965,-40296.489409952126
968,-40321.49652657479
971,-40408.93967098351
974,-40317.6061512048
976,-40417.12540123201
979,-40265.62182366914
982,-40288.84490175516
985,-40385.13539037569
987,-40338.285294389556
990,-40312.50307187805
993,-40218.34120881176
995,-40387.05866735905
998,-40315.30927407649
1001,-40314.53082342911
1004,-40310.128992358324
1006,-40265.81817487577
1009,-40332.74580086689
1012,-40272.849813051
1015,-40452.72491837041
1017,-40290.36112161302
1020,-40314.9930270022
1023,-40304.170507968105
1025,-40177.293276289056
1028,-40447.2668406888
1031,-40223.341954653944
1034,-40297.19139632983
1036,-40248.23856115381
1039,-40339.198262420694
1041,-40278.11749783911
1044,-40318.46138767048
1047,-40414.94643637492
1050,-40260.825555434494
1052,-40300.92257951864
1055,-40231.44687259551
1057,-40333.01767640345
1060,-40248.92280948638
1063,-40280.57465599306
1065,-40220.388426666745
1068,-40363.946604311095
1071,-40231.926855815065
1073,-40227.21250892026
1076,-40191.437056115035
1079,-40180.103877057656
1082,-40247.86151760339
1084,-40303.927632246516
1087,-40230.13175031507
1090,-40266.87275948931
1093,-40213.131755653936
1096,-40317.84084304062
1099,-40277.12878314564
1101,-40226.20689675185
1104,-40300.604982822275
1107,-40262.72437477602
1109,-40220.72656372558
1112,-40213.27683014359
1115,-40149.81937778372
1118,-40237.644780256654
1120,-40167.66395423646
1123,-40237.94434410396
1126,-40302.466416444506
1128,-40142.8399508299
1131,-40639.43950381175
1134,-40112.836650328056
1137,-40265.211530154585
1139,-40162.04262701165
1142,-40244.79176441554
1145,-40172.65938811619
1148,-40230.02247488464
1150,-40163.51577253967
1153,-40356.76926679357
1156,-40175.9911318382
1159,-40075.14218169832
1161,-40210.44557160918
1164,-40194.99403822129
1167,-40131.19638234291
1170,-40228.65382156767
1172,-40120.71378571919
1175,-40202.9467873976
1177,-40133.20697618233
1180,-40159.97298176967
1183,-40111.87181872555
1185,-40146.781066905896
1188,-40135.27566051226
1190,-40093.74166058947
1193,-40125.408884117474
1196,-40089.67163629022
1198,-40140.060349532716
1201,-40268.111929856495
1203,-40260.071921019764
1206,-40208.23135149745
1209,-40091.17448056645
1212,-40105.3434869552
1215,-40218.39750360066
1217,-40074.668028539396
1220,-40132.62499959715
1223,-40213.8657289213
1225,-40045.40823402574
1228,-40149.5226373932
1231,-40160.28829642365
1234,-40014.01526728787
1236,-40082.62387843163
1239,-40111.394152252135
1242,-40160.04361134587
1244,-40093.14345501882
1247,-40059.04091867556
1249,-40185.14697787
1252,-40025.394235310516
1255,-40133.21060436922
1258,-40200.9808646096
1260,-40104.13710566483
1263,-40115.36079309924
1266,-40024.00197268615
1269,-40024.441925114006
1271,-40143.26643833514
1274,-40074.18275844575
1277,-40141.7907243284
1280,-40087.17604569221
1282,-40086.127997820855
1285,-40059.0225596229
1288,-40061.71995010921
1291,-40067.868157300385
1294,-40005.99604521459
1296,-40009.103927673146
1298,-40033.298572431944
1301,-40080.95375826775
1304,-40128.81177701335
1307,-40052.507375629146
1310,-40051.7637631437
1313,-40055.09030612009
1316,-40013.97195499535
1319,-40029.296576282846
1321,-40038.6814359115
1324,-40020.21759897126
1327,-40074.375620536106
1329,-40119.52876565093
1332,-40054.46142906203
1335,-40088.8051897283
1338,-40089.96516925261
1340,-40004.76870233477
1343,-40295.66794227515
1346,-39985.84161965743
1348,-40021.70024287102
1351,-39984.669473834525
1353,-39969.70980600268
1356,-39961.90524022514
1359,-40194.31485196371
1362,-40027.26503227697
1364,-40004.35204874382
1367,-40189.41334131149
1370,-40039.53447719602
1372,-40187.89077908831
1375,-40002.22764758715
1378,-40050.17736064519
1380,-40058.85650534509
1383,-39902.23563786087
1386,-40087.68548971855
1389,-39965.64352963163
1391,-40009.886939173695
1394,-40261.701467621766
1397,-40039.66614468293
1400,-40014.33383249084
1402,-40072.51419832351
1405,-39966.19340213355
1408,-39982.928002078064
1411,-40021.46668863514
1413,-39892.868914682396
1416,-39960.25818382592
1419,-40077.26746008448
1422,-39968.331905035964
1425,-39884.27543383287
1428,-40052.184120974984
1430,-39957.39445051506
1434,-40025.235311026234
1437,-39920.713779142156
1440,-40016.71090824987
1443,-39981.02885181678
1445,-39984.86328661317
1448,-39969.76762235681
1450,-39956.11547853346
1453,-39962.054925580625
1456,-40060.22105884356
1459,-39934.76158479566
1462,-40013.749529871515
1465,-40142.4125829033
1468,-39881.88802216667
1471,-40110.605379599336
1474,-39982.57733548518
1476,-39908.098121813135
1479,-39981.03832092986
1482,-39951.157742354204
1484,-40032.078328466596
1487,-39951.63964314291
1490,-39921.00110392519
1492,-39919.49565343416
1495,-40016.755513092445
1498,-39923.14887735862
1500,-40023.63691248178
1503,-39970.21607365448
1506,-39944.5156217818
1509,-39886.711303291566
1511,-40053.57138711977
1514,-39997.93439199567
1517,-39979.01104382514
1520,-39943.45102016787
1522,-39901.03346034635
1525,-39893.42189718886
1527,-39944.69375515215
1530,-39988.330180662095
1533,-39909.905837133
1535,-40004.02648644017
1538,-40083.341120451936
1541,-39925.721741309695
1543,-39902.92489519641
1546,-40025.785483084386
1548,-39946.79649470431
1551,-40011.925496756696
1554,-39964.997614828346
1557,-39820.78536101491
1559,-39958.375221774615
1562,-39889.25514320271
1565,-39945.24321893904
1567,-39850.83098961878
1570,-39927.49470050468
1572,-39872.33967934477
1575,-39954.972485371865
1577,-39916.37636143169
1580,-40123.15440924614
1583,-39847.6701604289
1585,-39934.98368503176
1588,-40104.59054888536
1591,-39889.254541360104
1593,-39890.53554983248
1596,-39877.57868894412
1599,-39891.836605385106
1602,-39980.228358149434
1605,-39864.76998006913
1608,-39930.50764081055
1610,-39834.15816370378
1613,-39888.58171231544
1616,-40006.931150821656
1618,-39919.68058456586
1621,-39883.77828633971
1624,-40152.41765111583
1626,-39858.36332821253
1629,-39844.19633060004
1632,-40091.52267942405
1635,-39912.253362389994
1638,-39883.100786377
1640,-39909.9672931112
1643,-39859.24330165514
1645,-40010.668990584825
1648,-39974.766675608356
1651,-40090.46058720839
1653,-39910.81279030125
1656,-39990.07240452236
1658,-39908.07071487137
1661,-39903.038087402165
1664,-40322.68652512264
1667,-39839.105052300925
1669,-39958.88434649676
1672,-39925.80320332069
1675,-39917.818647189124
1677,-39963.35247419093
1680,-39888.86735383994
1683,-40067.78997038091
1685,-39853.27209068111
1688,-39863.900698389705
1691,-39847.46330561659
1693,-39964.01097144025
1696,-39937.149779318184
1699,-39938.92176133195
1702,-39999.15546801571
1704,-39878.555884145906
1707,-39853.551324104235
1710,-39979.86118037875
1712,-39808.498826660245
1715,-39964.76272311987
1718,-39918.31462335095
1720,-39892.53394109459
1723,-39804.889365978845
1726,-39815.26048284954
1728,-39752.64140791217
1731,-40087.34832012145
1733,-39771.783089088225
1736,-39917.51140075909
1738,-39949.132430445585
1741,-40001.266454765355
1744,-39867.52001144392
1747,-39811.40318199359
1749,-39982.99835653584
1752,-39747.86128702546
1755,-39880.095878696404
1757,-39831.05339655514
1760,-39874.23205976184
1763,-39884.85605237438
1765,-39810.64927702389
1767,-39906.90006174291
1770,-39944.62475928408
1773,-39830.07782774866
1776,-39864.6559565852
1778,-39902.66518421779
1781,-40039.295135338565
1784,-39787.79662017532
1786,-39820.60180104827
1789,-39818.49303065627
1791,-39803.594851600516
1794,-39768.47910646982
1797,-39807.56160150654
1800,-39806.44457270168
1802,-39905.99350938315
1805,-39791.50754829597
1808,-39833.56390010181
1810,-39788.99964982714
1813,-39772.983132223606
1816,-40045.606660963684
1819,-39751.414406070784
1822,-39846.70096010263
1824,-39763.548859795
1827,-39806.11683931496
1830,-39862.61524361092
1832,-39832.97987123631
1835,-39819.02474865001
1838,-39959.20595316845
1840,-39867.39447222931
1843,-39811.41032451927
1846,-39857.251434468395
1849,-39725.82348092374
1851,-39790.15021832368
1854,-39843.72936735264
1856,-39860.088556738956
1859,-39773.71166248248
1862,-39794.00047399266
1865,-39902.43577425279
1867,-39864.963568744
1870,-39873.819104457456
1873,-40204.183791775715
1876,-39754.268604970755
1878,-39857.93675349271
1881,-39806.754512011525
1884,-39858.102833809455
1887,-39981.72022398088
1889,-39802.230668863296
1892,-39925.53323982134
1894,-39871.78431511477
1897,-39802.87537428129
1900,-39767.507999988055
1903,-39787.7436275847
1905,-39860.73229323278
1908,-39701.46710462556
1911,-39770.13550179282
1913,-39724.664734512226
1916,-39712.121045202184
1919,-39757.65150211499
1922,-39802.8812211842
1924,-39819.726046262746
1927,-39858.00687386157
1930,-39831.358645264016
1933,-39847.96770408073
1935,-39692.00024700616
1938,-39785.46844808475
1940,-39866.4036569909
1943,-39783.67528477327
1946,-39773.469604352686
1948,-39738.76761415257
1951,-39776.038066633424
1954,-39834.12836975845
1956,-39716.791670431354
1959,-39907.431375724685
1962,-39700.25793095932
1964,-39911.07438150465
1967,-39718.60739269579
1970,-39661.125498528876
1972,-39767.63391559766
1975,-39793.713176779755
1978,-39908.109037470924
1980,-39862.55000159025
1983,-39820.7561944185
1986,-40049.92869173112
1988,-40085.13394414313
1991,-39740.916045439
1994,-39744.185930177235
1997,-39748.39058954081
1999,-39750.58967874396
2002,-39710.454176289735
2004,-39800.792778880124
2007,-39726.93004281197
2010,-39810.56266104123
2012,-39784.155914733165
2016,-39820.50353501765
2018,-39846.79670633234
2021,-39804.600132018335
2024,-39918.366231384935
2026,-39649.6238384372
2029,-39994.22807232826
2032,-39789.105883745025
2034,-39837.10273209632
2037,-39746.19971221234
2039,-39738.04126587964
2043,-39714.783314222776
2045,-39722.225293756666
2048,-39704.32654875704
2050,-39783.49621992978
2053,-39749.50954702509
2056,-39783.84704082035
2058,-40094.09786518434
2061,-39837.67832412563
2064,-39651.40121209434
2067,-39963.00509386667
2070,-39810.49449001598
2072,-39762.90335050986
2075,-39709.43256256919
2078,-39906.41399255744
2081,-39759.967093089224
2083,-39782.856345758184
2086,-39786.76888771665
2089,-39690.35109933104
2091,-39749.54896596387
2094,-39827.2778939709
2097,-39780.96324471198
2100,-39796.209827353334
2102,-39728.57327155493
2105,-39872.371086460815
2108,-39693.38042684281
2110,-39822.678729224484
2113,-39791.580321980335
2115,-39728.588427429946
2118,-39694.19782452586
2121,-39742.40347505926
2123,-39683.00803221585
2126,-39660.32544141086
2129,-39745.0072760192
2131,-39749.63563169279
2134,-39904.373247357566
2136,-39793.37280469338
2139,-39788.16305167829
2142,-39720.480704262285
2145,-39963.58519837255
2147,-39765.52226002446
2150,-39798.051032366675
2153,-39843.4658239765
2156,-39787.64034733121
2158,-39770.84492988059
2161,-39859.093824938645
2164,-39776.06594438133
2166,-39645.63681991435
2169,-39661.21303022461
2172,-39705.38950137293
2174,-39816.706760095214
2177,-39782.53169040107
2179,-39741.37766039923
2182,-39736.43317298976
2185,-39703.24253256188
2187,-39721.07569314718
2190,-40047.046285881166
2193,-39837.49564605788
2195,-39827.733898092236
2197,-39841.13944424941
2200,-39682.55374959891
2203,-39851.778786277515
2205,-39944.346863769366
2208,-39750.40485303654
2211,-39733.584425208
2214,-39839.54275005477
2216,-39678.82476068529
2219,-39629.01747057661
2222,-39889.936019300425
2225,-39790.93327849223
2227,-39729.5012314351
2230,-39714.33738431746
2233,-39736.098306006796
2236,-39672.247148242386
2238,-39888.07770392167
2241,-39789.18472234931
2244,-39718.46172045848
2246,-39781.54274206996
2249,-39740.74629252125
2252,-39749.11281153474
2255,-39711.66411315759
2258,-39752.81317339826
2260,-39686.13704648822
2263,-39702.674760837
2266,-39774.94555909852
2269,-39795.97266480071
2271,-39684.14115506951
2274,-39822.48006945469
2277,-39721.57656983153
2279,-39713.383851153056
2282,-39706.92246059117
2285,-39673.121445661054
2288,-39712.727443995005
2290,-39795.81544946239
2293,-39908.64125615521
2296,-39730.52087831517
2299,-39744.453555638094
2301,-39677.071338807174
2304,-39692.20807887068
2307,-39836.3862429585
2309,-39786.19720829415
2312,-39720.62554208064
2314,-39727.92236984121
2317,-39814.75514764635
2320,-39727.1754863654
2323,-39656.063087054725
2325,-39773.974268049365
2328,-39685.696552392335
2331,-40023.36492005737
2333,-39648.33790724466
2336,-39767.09639663158
2338,-39711.21282795344
2341,-39933.66293444788
2344,-39652.253019227355
2346,-39741.93506339765
2350,-39678.2531356905
2352,-40394.445751283056
2355,-39652.783685514005
2357,-39565.181572008034
2360,-39702.52302598765
2363,-39651.29352578065
2365,-39596.14552832549
2368,-39743.13838948008
2371,-39802.57351516778
2373,-40027.1200679328
2376,-39792.48083071339
2379,-39760.1491241668
2382,-39751.42629560456
2384,-39649.20340990347
2386,-39781.2175097672
2389,-39636.71213767155
2392,-39730.099892744605
2395,-40334.102824691174
2397,-39787.280910536414
2400,-39680.54300953091
2403,-39777.04897207327
2406,-39789.17357853387
2408,-39774.780171901286
2411,-39798.67989001387
2414,-39654.830969087634
2417,-39665.37293996137
2419,-39712.54637786318
2422,-39750.875469363
2425,-39810.903485844356
2427,-39763.46511053237
2430,-39783.24253355546
2433,-39640.71637080806
2436,-39613.37343173007
2438,-39821.96018914673
2441,-39724.42851228952
2444,-39632.651677908914
2446,-39630.72077576476
2449,-39605.321584460085
2451,-39648.92187797502
2454,-39680.767605699904
2457,-39821.82583298711
2459,-39761.795082944824
2462,-39975.239946795344
2464,-39681.63365528484
2467,-39700.31654681564
2470,-39594.43947785065
2473,-39754.49541250377
2475,-39703.18966641899
2478,-39715.03379976527
2481,-39833.62071950493
2484,-39672.05539173644
2486,-39680.46563294621
2489,-39759.448460479114
2491,-39620.47999576386
2494,-39679.079453271304
2497,-39852.52267540079
2499,-39665.70948496206
2502,-39779.689920860525
2505,-39711.76206120117
2507,-39622.33352924599
2510,-39753.22123271882
2513,-39655.97941524603
2516,-39739.33848914394
2518,-39709.24968350348
2521,-40068.8670530692
2524,-39684.90795030514
2527,-39627.58261159094
2529,-40262.90202524338
2532,-39815.88977905468
2535,-39785.70098030899
2537,-39757.21104902839
2540,-39718.347633738
2543,-39758.73914790099
2545,-39664.41999276809
2548,-39668.63157104529
2551,-39720.56673288668
2554,-39665.29947621121
2556,-39737.488800520696
2559,-39667.720607713476
2561,-39625.60373889102
2564,-39685.88313503515
2567,-39632.934171659275
2570,-39650.35538133917
2572,-39678.61793406776
2575,-39670.05512709332
2578,-39725.0882075036
2580,-39562.220937382925
2583,-39772.770779405575
2586,-39795.33208676814
2589,-39839.75991441328
2591,-39644.253770978576
2594,-39650.771893185665
2597,-39672.12715052069
2599,-39735.24127630307
2602,-39684.93272756382
2604,-39627.888985566264
2607,-39670.385820155694
2610,-39668.2460167913
2613,-39639.990123929674
2615,-39622.381354431374
2618,-39688.0993041082
2621,-39806.515199246525
2624,-39718.19340012391
2626,-39644.667995488366
2629,-39683.7710717917
2632,-40002.91389820155
2634,-39643.05735634153
2637,-39709.209710694326
2640,-39906.07222880855
2643,-39798.108993579815
2645,-39947.68944534613
2648,-39634.3853094167
2651,-39760.21436359308
2653,-39797.83348529158
2656,-39583.483384202256
2658,-39640.51265264605
2661,-39681.61903947073
2664,-39622.970360730775
2667,-39589.514784305844
2669,-39778.10979307271
2672,-39633.290872613565
2675,-39732.20561624337
2677,-39786.59911035618
2680,-39700.97683732876
2683,-39788.99314979627
2685,-39598.17964702691
2688,-39700.61974041497
2690,-39568.57674997948
2693,-40107.1374977537
2696,-39731.21506153655
2699,-39786.153719099195
2701,-39647.588368856654
2704,-39671.2774848372
2707,-39925.28830920951
2709,-39640.12143062296
2712,-39702.24081140488
2715,-39623.74073507804
2718,-39679.617057479
2720,-39823.51349458775
2723,-39692.01412415158
2726,-39779.46139445825
2729,-39678.50969255916
2731,-39599.71631181532
2734,-39614.217108929006
2737,-39680.11553735763
2739,-39744.13826308308
2742,-39539.0983215539
2745,-39700.950858465025
2748,-39697.48674850323
2750,-39917.18795076013
2753,-39934.85577667717
2755,-39580.39582850979
2758,-39688.208524366826
2760,-39797.07687959593
2763,-39642.067431384115
2766,-39593.357080600894
2768,-39617.34212161922
2771,-39654.564498149
2774,-39608.35489395917
2777,-39721.7487044625
2779,-39627.852523921596
2782,-39731.402024452684
2784,-39734.855750901566
2788,-39637.69339214833
2791,-39574.77325149813
2793,-39572.22683157417
2796,-39587.23089565066
2798,-39631.03144462931
2801,-39598.71363132909
2804,-39533.86709582956
2806,-39790.03522538429
2809,-39623.9612149789
2812,-39532.637947257615
2814,-39644.936163610866
2817,-39580.49295886444
2820,-39624.48870463513
2823,-39742.19743122559
2825,-40004.692886317454
2828,-39671.473216504906
2831,-39567.457543844495
2833,-39594.24261128006
2836,-39627.32728287143
2838,-39687.40666988261
2841,-39619.48818720196
2844,-39585.160370725855
2846,-39704.93706389992
2849,-39864.556646291196
2852,-39751.65754237599
2855,-39608.877349165006
2857,-39626.342206079775
2860,-39563.96871543579
2863,-39650.91132730412
2865,-39703.415415372445
2868,-39543.799094885835
2871,-39627.408398627376
2874,-39703.095728281034
2876,-39789.888480373986
2879,-39654.04095943969
2882,-39908.9864637088
2884,-39560.00486045194
2887,-39592.59231305578
2890,-39649.67877116197
2892,-39639.473347572275
2895,-39705.708992639295
2898,-39697.586118667954
2901,-39680.52295328108
2903,-39732.9027353338
2906,-39602.67773691974
2909,-39632.032505226874
2912,-40970.74110401079
2914,-39679.8147965519
2917,-39597.38408194568
2920,-39588.5997199487
2923,-39787.20509121397
2926,-39634.72836859339
2929,-39871.2998271524
2931,-39815.031243767786
2934,-39597.5192950503
2937,-39709.59850007487
2939,-39628.08278496695
2942,-39539.76020066335
2945,-39780.601797354444
2947,-39652.82576349
2950,-39943.46774039134
2953,-39645.11283514812
2956,-39910.499735360456
2958,-40090.84546154742
2961,-39625.38204033284
2963,-39673.053870603486
2966,-39524.52004891239
2969,-39652.96502079156
2972,-39562.98077898078
2975,-39641.26701102838
2978,-39864.76306195096
2980,-39672.7422954728
2983,-39738.774664317614
2986,-39705.86559346891
2988,-39737.47729199398
2991,-39700.20672245505
2993,-39556.59200375377
2996,-39652.69158552455
2999,-39686.0321574954
3002,-40051.62762512695
3004,-39677.39762757449
3007,-39594.06853597601
3009,-39577.431291509274
3012,-39689.03418023607
3015,-39585.73000889712
3018,-39764.7592908701
3020,-39754.88244225385
3023,-39470.639063165414
3025,-39531.45787942628
3028,-39936.81994490074
3031,-39653.83781900149
3034,-39750.697858866195
3036,-39768.75172364387
3039,-39723.40657093987
3042,-40431.34270195336
3044,-39620.270595147565
3047,-39650.22079503088
3050,-39724.68368167872
3053,-39594.020068816164
3055,-39749.880114247535
3058,-39539.80175855473
3061,-39565.23968304074
3064,-39621.473385317
3066,-39606.13615250149
3069,-39540.59244406388
3072,-39720.13595069792
3075,-39609.95586174967
3077,-39611.77231199286
3080,-39780.01637144746
3083,-39564.73073203245
3085,-39620.5427837136
3088,-39539.15001964191
3091,-39633.811379016755
3094,-39720.89470898261
3096,-39728.33931337523
3099,-39573.216808351826
3102,-39601.71961388847
3105,-39738.53643515961
3107,-39645.72274834732
3110,-39600.241709870395
3112,-39640.01211465168
3115,-39619.32696552476
3118,-39773.06807832083
3121,-39578.00837041347
3124,-39560.47431455386
3127,-39614.01591426584
3130,-39674.76993964749
3132,-39558.438948912946
3135,-40028.496587090965
3138,-39644.85828546966
3141,-39963.00291606752
3144,-39727.276680369556
3146,-39581.12566752063
3149,-39587.124900025374
3152,-39908.9351764117
3154,-39590.31282610671
3157,-39671.247213441995
3160,-39810.65525483247
3162,-39556.55955252381
3165,-39576.45581900865
3168,-40123.44280430839
3170,-39594.74519176771
3173,-39648.17027867
3176,-39655.199668976056
3178,-39599.93253614807
3181,-39732.888336207536
3184,-39577.87203622676
3186,-39555.12726310936
3189,-39703.68610989646
3192,-39531.239032548074
3194,-39575.6023924386
3197,-39719.01842111371
3200,-39610.52387043036
3203,-39657.9570061101
3205,-39523.8966783664
3208,-39663.69408759594
3210,-39690.60000832825
3213,-39714.52295502741
3215,-39559.58666272072
3218,-39622.419295828804
3221,-39506.9544326642
3223,-39605.73411273328
3226,-39606.443051270355
3229,-39624.307492069245
3232,-39641.40320801345
3234,-39593.79926618971
3237,-39621.15320765647
3239,-39591.77946492608
3242,-39526.077524574954
3245,-40085.621719202085
3247,-39666.24266606153
3250,-39724.048441449784
3253,-39608.7259548397
3255,-39553.0476783996
3258,-40279.091859898544
3261,-39643.84673974248
3264,-39844.39150098119
3266,-39658.43192045213
3269,-39634.08431202328
3271,-39690.34231278922
3275,-39565.24559247942
3277,-39731.11938159911
3280,-39632.428648976274
3282,-39591.579003949635
3285,-39690.834283697135
3288,-39497.5235898599
3290,-39521.167494559675
3293,-39595.29333855815
3296,-39518.093366762245
3299,-39680.461438596765
3301,-39676.05721191011
3304,-39782.4917383636
3307,-39629.213146164235
3309,-39657.00693524728
3312,-39657.773170104214
3315,-39573.21946212726
3318,-39922.107552234804
3321,-39691.100593850904
3323,-39625.88142617815
3326,-39768.35202294114
3329,-39738.85365995111
3331,-39638.94528119538
3334,-39619.5475909144
3336,-39483.94474320908
3339,-39607.49138154012
3341,-39719.463613954445
3344,-39599.67700483643
3347,-39744.275555981614
3349,-39646.744031289556
3352,-39599.98108349376
3355,-39678.852443217824
3358,-39605.369785698545
3360,-39599.381818333146
3363,-39997.98635891016
3366,-39615.883031743266
3368,-39636.054001566365
3371,-39611.26443683017
3374,-39797.43748864234
3376,-39586.23210462477
3379,-39707.43445333309
3381,-39684.1472094024
3384,-39553.47755546714
3386,-39917.42341112609
3389,-39623.63233541968
3392,-39663.88475021778
3395,-39727.41429762077
3397,-39569.558215781144
3400,-39555.07119519936
3402,-39617.580547642516
3405,-39629.621767481665
3408,-39623.07040739267
3410,-39557.95839677444
3413,-39608.277982238316
3416,-39577.29864022119
3418,-39633.2395577378
3421,-39611.77128447031
3424,-39579.40107277273
3427,-39578.89222064881
3429,-39559.67280231172
3432,-39838.35027113623
3435,-39584.57981006814
3437,-39489.36643205917
3440,-39622.58142053703
3443,-39626.19870028162
3446,-39578.78853735427
3448,-39669.46810256493
3451,-39640.37383017104
3453,-39636.80834271705
3456,-39568.586005689474
3459,-40179.30672400686
3461,-39668.426786210155
3464,-39525.94639758062
3467,-39622.6296037765
3469,-39602.064542868226
3472,-39577.311165903564
3474,-39671.85065717144
3477,-39483.73549456117
3480,-39630.968696521864
3482,-39544.60362206503
3485,-39743.98304271125
3488,-39570.86548925169
3490,-39556.90092030092
3493,-39518.57613351848
3495,-39752.229588575035
3498,-39558.67674669734
3500,-39723.12353300338
3503,-39531.17377383285
3506,-41239.63103076087
3509,-39723.88325227228
3511,-39637.70609900387
3514,-39538.78247821431
3517,-39886.56796653283
3520,-39618.02846874866
3522,-39638.08072008568
3525,-39566.23554218824
3527,-39609.485796298715
3530,-39812.20172279489
3533,-39575.97016403623
3536,-39595.639253334106
3538,-39690.28682117625
3541,-39565.46556805727
3544,-39533.054690916375
3546,-39536.12728678028
3549,-39627.09854525823
3552,-39592.85299726189
3555,-39949.826673027426
3557,-39546.23718168658
3560,-39726.87920184081
3563,-39635.69553445509
3565,-39568.06209213282
3568,-39558.52636643764
3571,-39528.72184273333
3574,-39530.7622617881
3576,-39538.23050166103
3579,-39626.526034817085
3581,-39539.66153790371
3584,-39559.88364424532
3586,-39565.648024774324
3589,-39708.66410418197
3592,-39799.14818568748
3595,-39644.595887331285
3597,-39637.17771634331
3599,-39712.49013630597
3602,-39560.77179263973
3604,-39567.86448907115
3607,-39576.1328557309
3609,-39542.25815869803
3612,-39718.6667397986
3615,-39758.815637012514
3618,-39976.87327512535
3620,-39617.91193211384
3623,-39661.495310028164
3626,-39624.38698277257
3628,-39764.454434752435
3631,-39583.509279446094
3633,-39583.97831253414
3636,-39763.37631167803
3638,-39574.919370458905
3641,-39960.32886959127
3643,-39538.5786425413
3646,-39678.95254118514
3649,-39604.70140445627
3652,-39815.45067889263
3654,-39642.5476138936
3657,-39629.716947836925
3660,-39667.554578594965
3663,-39622.15385256689
3665,-39715.09632704145
3668,-40016.29905045658
3671,-39556.29938815536
3674,-39646.79269671133
3676,-39540.03879936917
3679,-39487.15829013797
3682,-39632.46547561697
3684,-39638.34438109763
3687,-39676.02352317549
3690,-39756.540991343056
3693,-39524.97594801311
3695,-39570.88187932699
3698,-39474.59944262642
3701,-39569.79128281371
3703,-39728.146266587624
3706,-39699.61134289275
3708,-40077.173778656936
3711,-39528.538056290934
3714,-39633.86357686721
3717,-39605.71248528518
3719,-39576.87761269096
3722,-39535.08129676562
3725,-39520.817973662764
3728,-39533.680367952176
3730,-39684.18520546677
3733,-39693.725792855024
3736,-39568.30345801859
3738,-39603.9869067929
3741,-39572.72000663111
3744,-39462.89406500522
3747,-39696.04298330372
3749,-39570.15680767713
3752,-39623.89703476028
3755,-39593.73048591195
3758,-39520.05915282438
3760,-39629.04754054956
3763,-40399.07873674321
3765,-39498.3285180229
3768,-39538.509126372905
3771,-39650.0282387352
3773,-39632.86743201637
3776,-39792.61297268979
3779,-39614.16314718315
3781,-39811.919566708595
3784,-39566.56797207201
3787,-39535.965725698275
3790,-39765.98902502157
3792,-39478.638501919886
3795,-39559.95054991955
3798,-39570.42618981198
3801,-39696.016376251064
3803,-39629.6099439751
3806,-39534.35288702202
3808,-39524.09832093463
3811,-39602.160476591096
3814,-39527.837009435054
3816,-40012.29357157344
3819,-39815.694885008255
3822,-39591.422372186054
3824,-39628.115018401586
3827,-39594.95321044123
3830,-39564.6589747167
3833,-39709.011337109434
3835,-39627.99742790777
3838,-39548.017435375994
3841,-39599.62824815768
3844,-39625.73168694171
3846,-39589.077326422135
3849,-39532.88073073502
3851,-39918.298814127425
3854,-39556.187856517136
3857,-39556.74563305771
3859,-39493.310753729005
3862,-39553.293060149466
3865,-39550.18046548141
3867,-39662.64847447344
3870,-39956.16476584137
3873,-39564.662668601355
3875,-39559.969094930246
3878,-39656.27439141507
3881,-39605.18171502302
3884,-39646.48586052773
3886,-39798.520818263874
3889,-39607.34940423054
3891,-39585.8138382622
3894,-39981.13420197717
3897,-39652.99211713654
3899,-39820.237453477486
3902,-39402.90884431432
3905,-39533.93198343977
3908,-39836.42416335553
3910,-39437.54976223102
3913,-39513.27160756697
3916,-39633.24589410788
3919,-39536.72861791896
3921,-39512.494292348776
3924,-39627.506469709144
3927,-39527.37413663181
3930,-39975.3716957785
3932,-39556.88127707148
3935,-39517.83647294746
3938,-39503.26958744491
3941,-39784.24082155308
3943,-39648.335130207895
3946,-39495.26874403689
3949,-39562.65398095634
3951,-39541.97210049053
3954,-39497.98780329602
3956,-39553.87860114392
3959,-39515.06326783841
3962,-39538.32152658657
3964,-39851.90386426086
3967,-39703.04926022241
3969,-39465.03402864266
3972,-39474.74942163177
3975,-39613.488564321495
3977,-39569.06759078846
3980,-39737.490071099055
3983,-39596.634433533305
3985,-39564.278286588844
3988,-39645.045163723
3991,-39495.49502328117
3993,-39606.56075506926
3996,-39477.68408769633
3999,-39552.39316653955
4002,-39587.95459623106
4004,-39646.15015612624
4007,-39517.739198575844
4010,-39538.93211222333
4013,-39828.03648397002
4015,-39600.05217391019
4018,-39539.75574386888
4020,-39598.86953264266
4023,-39600.61143879988
4026,-39908.47180168801
4029,-39562.745795837785
4031,-39608.57125282604
4034,-39639.32464628238
4037,-39509.69277944825
4040,-39683.746284435474
4042,-39515.66771106337
4045,-39621.880304674894
4047,-39594.38694297794
4050,-39589.92319688501
4052,-39566.78072144753
4055,-39812.30039070812
4058,-39694.79164350759
4060,-39673.34932674543
4063,-39567.66287840839
4066,-39641.12341258384
4068,-39661.83229131313
4071,-39781.07717429841
4074,-39734.15306213441
4077,-39548.49545872043
4079,-39624.44863529639
4082,-39558.31559478945
4084,-39584.9199651488
4087,-39660.90322438468
4090,-39512.404916696934
4092,-39605.58322073907
4095,-39608.09960822644
4098,-39506.223055119786
4100,-39739.48393507691
4103,-39581.205163746265
4106,-39580.96716487585
4109,-39562.32234075644
4112,-39657.79843793497
4114,-39545.33073080519
4117,-39646.336406728566
4119,-40035.07879467719
4122,-39529.816622908314
4125,-39536.08607251229
4127,-39718.852213365404
4130,-40072.78128910735
4133,-39536.5237084244
4135,-39567.832451762624
4138,-39731.011217556945
4141,-39765.28800849362
4144,-39456.711103746304
4147,-39490.63784001977
4150,-39559.64176895993
4152,-39495.671337526604
4155,-39657.24662117367
4158,-39470.79622803072
4160,-39610.496525659546
4163,-39464.70031190702
4166,-39525.62819346353
4169,-39536.18105407955
4172,-39586.35496851268
4174,-39560.988653678876
4177,-39538.249531382564
4180,-39697.39949443193
4183,-39540.235262261755
4186,-39474.72199094444
4189,-39586.95268479299
4191,-39552.921175210045
4194,-39576.17051050312
4197,-39543.89293821033
4200,-39744.29081284559
4202,-39545.49101205879
4204,-39556.87449310544
4207,-39649.28168827767
4210,-39506.28200482432
4212,-39605.67714271399
4215,-39577.68047578652
4218,-39631.04917081853
4220,-39569.28017841963
4223,-40459.51318859092
4226,-39828.26212321127
4229,-39650.04477097981
4231,-39654.64720879277
4234,-39602.291826107736
4237,-39553.06194310997
4239,-39525.979513356964
4242,-39557.92489475992
4245,-39531.91684204461
4247,-39586.64036522683
4250,-39603.277906136624
4253,-39514.456925725404
4255,-39555.6006001776
4258,-39777.001111006175
4261,-39479.792400187114
4264,-39448.2453453227
4266,-39447.44119045557
4269,-39613.18428872526
4272,-39664.73905506243
4275,-39620.765037075806
4277,-39480.99065567143
4280,-39771.254778573035
4283,-39479.1648258601
4285,-39672.648774016976
4288,-39511.77194456367
4291,-39663.71588893425
4294,-39482.60001690299
4297,-39564.33013337474
4299,-39529.62611328949
4302,-39425.194850759224
4305,-39579.890169663726
4307,-39681.09109956047
4310,-39596.03891739638
4313,-39482.96555637859
4316,-39750.41424225466
4318,-39495.48167583551
4321,-39664.72354461206
4324,-39481.561047179915
4327,-39640.470591356476
4329,-39552.24715710171
4332,-39660.648682647516
4334,-40131.97861108193
4337,-39966.40858682849
4340,-39627.65378387439
4343,-41675.17495238471
4345,-39573.82400574992
4348,-39610.761024283565
4351,-39550.16437697154
4353,-39544.59718526207
4356,-39547.42021798599
4359,-39808.528648287676
4362,-39641.05250986287
4365,-39502.93867065227
4367,-39584.050795571144
4370,-39616.63432553153
4373,-39591.63076937136
4376,-39518.09504157057
4378,-39651.50693783161
4381,-39624.67823603353
4384,-39556.19177301978
4387,-39479.4206587622
4389,-39701.38484916714
4392,-39591.67269516769
4394,-39511.04168040303
4397,-39510.990327459716
4400,-39839.06625679533
4402,-39619.58181397094
4405,-39540.5393495456
4407,-39603.864931817676
4410,-39676.90258281707
4413,-39566.22560550328
4415,-40011.724469699286
4418,-39530.849951842654
4420,-39459.08401515128
4424,-39493.73025706667
4426,-39509.81312154659
4429,-39425.90480213295
4431,-39547.101590170045
4434,-39504.9267709077
4437,-39724.19766392332
4439,-40249.72436637967
4442,-39686.93995621094
4445,-39975.94992355024
4447,-39545.414911983695
4450,-39485.85451699671
4452,-39709.96402514614
4455,-39475.890538421474
4458,-39561.69824055649
4461,-39568.13550011669
4464,-39395.6372199608
4467,-39664.954354859
4469,-39537.91094607299
4472,-39669.74512374854
4474,-39603.850360711884
4477,-39692.538442737095
4480,-39528.54399042948
4482,-39570.579687755424
4485,-39557.376689817735
4488,-39657.018698935644
4490,-39573.64465513569
4493,-39510.20350652788
4495,-39707.79267755398
4498,-39687.593707329645
4501,-39485.15122247438
4503,-39674.68247343038
4506,-39531.0013630241
4509,-39602.23753797941
4512,-39612.48620130859
4514,-39563.87889005507
4517,-39476.18761053265
4520,-39741.57336102927
4522,-39708.946067993464
4525,-39544.899864255814
4528,-39923.01772543963
4530,-39696.64650813994
4533,-39625.0347205911
4536,-39622.378039301635
4538,-39617.28084330073
4541,-39655.65514892542
4544,-39509.986376425026
4546,-39683.30383713174
4549,-39530.68504740273
4552,-39585.15811133063
4554,-39515.59166664695
4557,-39373.440069651675
4559,-39555.01003720049
4562,-39637.12435521933
4565,-39579.12520389272
4568,-39724.41294332822
4571,-39510.373955809795
4574,-39665.05428938338
4576,-39563.84425402807
4579,-39791.05106092956
4581,-39575.998855180675
4584,-39798.45922041264
4587,-39617.534120911994
4589,-39700.841976425625
4592,-39504.372008221944
4595,-39497.15271180447
4597,-39505.7903519329
4600,-39620.45059510935
4603,-39837.67110201125
4606,-39550.81622443191
4608,-39647.96822850913
4611,-39488.339452907894
4613,-39499.115214980484
4616,-39537.57279337195
4619,-39484.50270986832
4622,-39459.65985978989
4624,-39596.01166847063
4627,-39690.98341590196
4630,-39478.51183644492
4632,-39535.58115507623
4635,-39555.970383557025
4638,-39654.88795482496
4641,-39654.55057281451
4643,-39492.847780449716
4646,-39629.82261207359
4649,-39533.7614701514
4652,-39513.16526341651
4654,-39957.03343761407
4656,-39617.5368042027
4659,-39734.2017664313
4662,-39626.43708096613
4664,-39690.73927933159
4667,-39598.22083281616
4670,-39700.14992056864
4672,-39529.5555964964
4675,-39620.58038844404
4677,-39562.24246690114
4680,-39551.259081408694
4683,-39455.09199312276
4685,-39723.14442330798
4688,-39581.96360348071
4691,-39506.84880470565
4693,-39676.23422927212
4696,-39654.640961409306
4698,-39602.99968037475
4701,-39423.98331485072
4704,-39525.064143789954
4706,-39656.385262909724
4709,-39491.71166419919
4712,-39671.851051117046
4714,-39586.660032907
4717,-39755.50858372713
4720,-39501.85827087034
4722,-39441.6402995672
4725,-39550.55039431923
4727,-40266.47565497684
4730,-39579.717737636005
4733,-39529.17716685698
4735,-39912.433875220944
4738,-39504.983474047935
4740,-39717.285781539
4743,-39518.50139552568
4746,-39529.54352233477
4748,-39650.957436727294
4751,-39547.99567801004
4754,-39529.37876678746
4757,-39483.958347325104
4759,-39496.955696333425
4762,-39585.71731411557
4765,-39504.8650817744
4767,-39489.061862900795
4770,-39512.10862959269
4772,-39943.56059906679
4775,-40272.00105651798
4778,-39509.98660745835
4780,-39537.31261245802
4783,-39510.13038807279
4786,-39487.2811823073
4788,-39593.83326773365
4791,-39593.96698272307
4793,-39765.07564121459
4796,-39544.382565962725
4799,-39429.42863953841
4801,-39525.83600243576
4804,-39525.86923273625
4807,-39536.38663025644
4809,-39568.63412662084
4812,-39509.22992141989
4815,-39583.28414305377
4818,-39500.66885599078
4821,-39694.30425391098
4823,-39590.503418850145
4826,-39487.96180272354
4829,-39467.015990413056
4831,-39949.61722313732
4834,-40175.51007340328
4837,-39638.589740422925
4839,-39677.61985724163
4842,-39524.76071099507
4844,-39676.396008559605
4847,-39386.057937046746
4850,-39681.239910894044
4852,-39503.43395436582
4855,-39544.583266367845
4857,-39587.65933640804
4860,-39623.09001696687
4863,-39464.70356391775
4865,-39606.041669348575
4868,-39699.37577601501
4871,-39480.45298303329
4874,-39462.71301912266
4876,-39559.59503264848
4879,-39571.930078723024
4882,-39596.15461669867
4885,-39562.79498955359
4887,-39544.47259647115
4890,-39455.01189271577
4893,-39491.89304839957
4895,-39553.65378910996
4898,-39514.8742281584
4900,-39502.906679262815
4903,-39553.333657483905
4906,-39605.964994979106
4908,-39670.288469358115
4911,-39679.56693350651
4914,-39564.264061922826
4917,-39594.5035075063
4919,-39514.84227750428
4922,-39705.05329570127
4925,-39521.908659668814
4928,-39603.319244153296
4930,-39516.39831920742
4933,-39493.58868722165
4936,-39657.347304272465
4938,-39494.12853564802
4940,-39658.79330963182
4943,-39528.41828231079
4946,-39553.85076675032
4949,-39536.05966259119
4951,-39565.98002182256
4954,-39541.22941674141
4957,-39533.47081734948
4959,-39576.930498056754
4962,-39644.360493342174
4964,-39708.17557927675
4967,-39548.32502112703
4970,-39548.038922556414
4972,-39596.97499344862
4975,-39533.77716571425
4978,-39596.18740835662
4980,-39729.55708135121
4983,-39476.781941603724
4986,-39756.6425440786
4988,-39546.49447896516
4991,-39506.84397960477
4994,-39784.211948348486
4996,-39579.6140730411
4999,-39739.86386744902
5002,-40223.16736635761
5005,-39606.5442920496
5007,-39517.52278185532
5010,-39504.65701111588
5013,-39835.659198193214
5015,-39593.35154163813
5018,-39483.97245975302
5021,-39541.62877195696
5023,-39682.33696187725
5026,-39586.64512712553
5028,-39577.62101165798
5031,-39600.61609699329
5034,-39510.22693644244
5036,-39692.23254239607
5039,-39599.983581325556
5042,-39583.61966161789
5045,-39721.54753666348
5047,-39665.32173737723
5050,-39764.02566125957
5053,-39590.99443712628
5056,-40345.85538055455
5058,-39499.739008515455
5061,-40479.27295460379
5064,-39664.440279117
5066,-39534.15542548378
5069,-39472.588619056565
5072,-39542.668036663556
5074,-39535.14229419371
5077,-40066.37830686449
5080,-39878.79300095706
5082,-39583.92715036951
5085,-39582.31907168614
5088,-39554.4624504145
5090,-39514.51623771963
5093,-39416.14362266753
5096,-39576.02906585338
5098,-39759.69073719814
5101,-39490.098675619694
5103,-39490.02787042568
5106,-39552.46881828234
5109,-39409.966610314485
5112,-39494.09075181896
5114,-39648.65731228669
5117,-39478.86360477062
5120,-39483.502300430635
5123,-39573.40936628413
5125,-40888.53191385509
5128,-40384.74664132758
5131,-39504.45577458419
5133,-39504.589947018205
5136,-39586.719518158716
5138,-39492.74048961751
5141,-39574.03754476325
5143,-39489.50505072842
5146,-39636.4545778837
5149,-39525.58534105994
5152,-39674.099936518025
5154,-39674.186376521146
5157,-39568.87566196604
5160,-39547.6848258293
5162,-39485.43158199582
5165,-39675.373477446534
5167,-39468.26707909196
5170,-39561.39488498389
5173,-39524.71219510485
5175,-39532.76935444201
5177,-39701.58754752044
5180,-39534.29496680861
5183,-39820.59557040374
5185,-39833.02573904527
5188,-39991.59023625752
5191,-39443.83529056416
5193,-39541.08167721265
5196,-39609.087488695186
5199,-39437.051159213755
5201,-39591.11109475993
5204,-39462.252974140625
5207,-39548.423333704595
5209,-39466.69113510548
5212,-39502.41743611359
5214,-39536.80368035406
5217,-39641.55795120195
5220,-39548.799704944075
5223,-39589.50518418176
5225,-39513.491102484615
5228,-39732.345001578724
5231,-39507.392176922614
5234,-39573.623330103976
5236,-40046.1854331906
5239,-39496.543396934976
5241,-39587.87936632356
5244,-39557.855723831046
5247,-39511.7319573966
5249,-39621.50985917971
5252,-39517.89412390631
5255,-39477.03344014969
5257,-39457.335122152035
5260,-39550.76825888547
5262,-39438.03187137084
5265,-39545.428223442774
5268,-39928.783393981124
5270,-39581.81434480562
5273,-39634.68168706452
5276,-39696.59729535625
5278,-39730.93941223275
5281,-39487.746733544314
5284,-39466.1051249891
5286,-39620.36794997203
5289,-39498.29039968303
5292,-39503.2761941328
5294,-41495.90786353608
5297,-39747.22410132015
5300,-39477.375125413484
5302,-39636.15783193777
5305,-39789.27365820568
5307,-39542.91208903724
5310,-39476.478715701815
5313,-39547.79656057166
5315,-39686.096022514415
5318,-39673.454788571114
5321,-39690.33933249069
5323,-39453.75547727501
5326,-39635.191212278485
5328,-39450.41290386504
5331,-39710.819641740716
5334,-39457.76739143494
5336,-39696.45966237677
5339,-41209.54975273246
5342,-39538.469751423036
5345,-39467.076222842305
5347,-39640.77087633482
5350,-39523.93393028183
5353,-39525.56753845865
5355,-39583.33202853829
5358,-39513.26572892857
5361,-39611.163764495745
5363,-39677.57392493532
5366,-39504.17142948414
5369,-39508.133828677055
5372,-39472.63336465839
5374,-39447.324149133376
5377,-39539.91967551917
5380,-39475.46317489269
5383,-39529.36034866609
5385,-39778.20742639537
5388,-39444.758237704315
5391,-39590.15562419505
5394,-39578.45386593971
5396,-39658.936804592726
5399,-39557.67267250076
5401,-39534.489562463474
5404,-39637.91646281584
5407,-39611.34724781362
5409,-39479.39000478758
5412,-39588.63850285694
5415,-39662.1046982784
5417,-39551.29887276096
5420,-39600.88600730886
5423,-39448.600957337156
5425,-39432.66426609752
5428,-39524.891972255355
5431,-39504.31931407879
5433,-39500.10939660914
5436,-39534.73638420327
5439,-39553.829764751106
5441,-40096.83225596473
5444,-39561.338544394006
5447,-39521.82591574313
5450,-39625.78579364867
5452,-39577.15326014104
5455,-39819.461499717545
5457,-40204.4530031884
5460,-39482.33550121831
5463,-39565.57939536193
5465,-39557.362204113844
5468,-40250.28220236127
5471,-39612.627716516225
5473,-39753.341195880894
5476,-39556.81264225064
5479,-39504.496937069096
5482,-39443.92591283982
5484,-39519.766307858736
5487,-39489.8785654552
5490,-39503.29460329702
5492,-39529.247595880806
5495,-39464.23964931097
5498,-39990.64092127559
5501,-39552.22741712912
5503,-39552.4646854225
5506,-39751.857185965906
5508,-39636.65267164739
5511,-39503.91142553596
5514,-39876.39670494158
5517,-39640.20589050633
5519,-39701.55280243046
5522,-39538.16086195321
5525,-39583.17298964431
5527,-39529.21299027802
5530,-39548.43672221794
5533,-39466.52409703056
5535,-39634.926066532586
5538,-39571.26156935949
5540,-39483.175907947465
5543,-39569.421577786714
5546,-39851.76542816743
5549,-39835.044030273246
5551,-39613.915902202425
5554,-39469.325883083526
5557,-39655.86256849335
5559,-39647.52413037654
5562,-39553.30721611927
5565,-39418.1964095722
5567,-39522.811949846524
5570,-39547.00936950469
5572,-39507.908665353054
5575,-39497.46455073489
5578,-39576.891385243754
5581,-39435.765604286156
5583,-39464.98072177314
5586,-39580.90573899627
5589,-39456.11863140136
5591,-39487.41150463651
5594,-39608.468876558996
5597,-39582.47682570592
5600,-39697.40996644571
5603,-39509.98262015985
5605,-39517.07512393598
5608,-39435.07007198097
5611,-39596.830932882054
5613,-39508.278737671455
5616,-39452.67849873354
5618,-39751.99687949362
5621,-39509.49788822906
5624,-39541.10521419898
5626,-39514.506042521454
5629,-39582.46865261248
5632,-39517.15345767191
5635,-39610.58799157078
5637,-39620.872416016515
5640,-39643.04028025756
5643,-39511.471179326865
5646,-39873.051069910034
5649,-39613.65529884564
5652,-39857.55373453336
5654,-39649.51103960075
5657,-39515.0147602654
5659,-39505.019969661254
5662,-39500.88019438895
5665,-39538.72484132794
5668,-39504.00203896866
5670,-39419.05316122193
5672,-39653.06015282102
5675,-39518.20617883337
5678,-39488.565994123965
5680,-39449.19947316442
5683,-39427.853327510165
5686,-39460.33840504955
5688,-39666.52872372814
5691,-39440.56600235586
5694,-39979.881516901834
5696,-39591.50462465808
5699,-39489.44946142171
5702,-39726.84128208101
5705,-39500.60195778902
5707,-39435.098494173464
5710,-39526.801968633285
5713,-39538.70041436465
5716,-39488.125143248515
5719,-39452.37074081516
5722,-39581.418078702605
5725,-39736.97551970338
5728,-39733.39927396342
5731,-39641.47797935258
5733,-39543.241214894464
5736,-39651.710274041594
5739,-39841.054605069934
5742,-39501.35633127387
5745,-39456.906018476824
5748,-39553.4584859445
5751,-39413.42160725395
5754,-39491.80419784714
5756,-39473.96026586504
5759,-39437.71105478695
5761,-39775.44190069688
5764,-39543.86906138093
5767,-39581.69321366026
5769,-39410.21260795899
5772,-39554.8196123399
5775,-39622.604973569745
5777,-39547.985369024405
5780,-39805.78795728727
5783,-39514.68061709737
5786,-39533.518710458884
5788,-39535.907060279285
5790,-39553.18757135893
5793,-39629.568368232096
5796,-40514.53579699987
5799,-39877.50432606906
5801,-39559.913399758
5804,-39543.0256264252
5806,-39509.938458608114
5809,-39458.891302501186
5811,-39587.21277633898
5814,-39498.322269741075
5817,-39578.241315137086
5820,-39530.52888991494
5822,-39562.311563585456
5825,-39439.491692479685
5828,-39584.533657487766
5831,-39506.523248590776
5834,-39504.230179121994
5836,-39442.62506054333
5839,-39933.21969427801
5842,-39574.2063708765
5844,-39666.27840192812
5848,-39499.82693491557
5850,-39588.998062486135
5853,-39744.14606981157
5856,-39567.06059051067
5858,-39624.1703703719
5861,-39515.05748924856
5863,-39523.83448395731
5866,-39557.830253023625
5869,-39930.272740121814
5872,-39582.2103978147
5874,-39482.45285580491
5877,-39518.13617901482
5880,-39535.33787311666
5883,-39569.21365566623
5885,-39443.0171531789
5888,-39503.80381672744
5891,-39473.76555606708
5893,-39691.53351121403
5896,-39502.42308548602
5898,-39674.32242816101
5902,-39566.117659860145
5904,-39512.10327609432
5907,-40202.80093824801
5909,-39523.755458503765
5913,-39556.58961301142
5915,-39751.54034199923
5918,-39726.301481446986
5920,-39567.7349188755
5923,-39491.77841609676
5926,-39793.18820520471
5928,-40046.98723229964
5931,-39730.62924072573
5934,-39513.26863684451
5937,-39524.92943394434
5939,-39572.73439483375
5942,-39525.19400155802
5945,-39529.20887659998
5947,-39499.150685272514
5950,-39616.422759758214
5953,-40582.14946079232
5955,-39607.24689423077
5958,-39534.82900762925
5961,-39650.64267113663
5963,-39486.41727722645
5966,-39561.322973640315
5969,-39611.5501485211
5972,-39539.52032881811
5974,-39712.50640274082
5977,-39488.880714006766
5980,-39606.835779193076
5983,-39509.84686941823
5985,-39636.077256085984
5988,-39510.23555151812
5991,-39651.27830857757
5994,-39544.81078134825
5996,-39628.1152870172
6000,-39532.86168424253
6003,-39412.03430854283
6005,-39372.7215750239
6008,-39569.34751575128
6011,-39544.11656704266
6013,-39573.214791441125
6016,-39623.59781148749
6018,-39753.51936259863
6021,-39610.509399005095
6024,-39458.720562088085
6026,-39950.052626020304
6029,-39503.02477987074
6032,-39510.647985840355
6034,-39486.838765866465
6037,-39933.55222508732
6039,-39902.38986742079
6042,-39466.305847220574
6045,-40291.36654789977
6047,-39494.435257867946
6050,-39932.46634343456
6053,-39631.10773338344
6055,-39604.691338540506
6058,-39549.62782864347
6061,-39638.50782937036
6064,-39542.854004329325
6066,-39472.616595522195
6069,-39545.360974333875
6071,-41467.59799860269
6074,-39518.797777234606
6077,-39642.66426640275
6080,-39553.73953852762
6082,-39506.23395641003
6085,-39576.43322707098
6088,-39620.42266295812
6091,-39548.53305809427
6093,-39455.76424655455
6096,-39493.09230897603
6099,-40648.874087963835
6101,-39875.61174407347
6104,-39462.236064474775
6107,-39549.27948766622
6109,-39668.887052913204
6112,-39752.30784324429
6115,-39472.53394230488
6117,-40083.91211295006
6120,-39519.69190066204
6122,-39636.291252824165
6125,-39794.10760095985
6128,-39478.305320946856
6130,-39576.4420284827
6133,-39776.39816808903
6136,-39452.71904611616
6138,-39729.85468798135
6141,-39522.45629367458
6144,-39674.95310689996
6146,-39568.729458972615
6149,-39901.062663570054
6152,-39546.38726062589
6154,-39740.19456864586
6157,-39734.775555420056
6160,-39973.20265757118
6163,-39648.72715712944
6165,-39457.541214201694
6168,-39610.88390736781
6171,-39517.62255846256
6173,-39468.83563917922
6176,-39556.38183599163
6178,-39707.272043459976
6181,-39591.35167063844
6184,-39642.14427579561
6186,-39588.44388320868
6189,-39467.27865527164
6192,-39493.931159468615
6195,-39433.59910963685
6197,-40178.70614534279
6200,-41439.444960447996
6203,-39482.165602178866
6205,-40149.73165625881
6208,-39508.8929276974
6211,-39470.090947499426
6214,-39566.28199544969
6217,-39839.4435348137
6219,-39489.017265312825
6222,-39624.03557091846
6225,-39526.96243333429
6227,-39471.87231026873
6230,-39498.77743884099
6233,-39581.21148842743
6236,-39514.31146800241
6239,-39631.306144449874
6241,-39794.829722708586
6244,-39500.087126402344
6247,-39820.42789294864
6250,-39499.24377796311
6252,-39530.062190753284
6255,-39610.23149751177
6258,-39863.46716911604
6260,-39806.73419655394
6263,-39564.42405438146
6266,-39563.519421224366
6269,-39592.05804492097
6271,-39535.46728982392
6274,-39553.52649752095
6277,-39476.54166903151
6280,-39491.8706648622
6282,-39544.65392618259
6285,-39610.88239956408
6287,-39565.05134558562
6290,-39465.60670030313
6293,-39646.51059798786
6296,-40012.97374819837
6298,-39548.429331247055
6301,-39466.09432333841
6304,-39487.901734625986
6306,-39480.80711592325
6309,-39420.84251590564
6312,-39610.86187896661
6314,-39535.500735093934
6317,-39478.675177454716
6320,-39550.65977976331
6322,-39592.8630971439
6325,-39450.674134209985
6328,-39636.74506266853
6330,-39487.5909536484
6334,-39582.5692573071
6336,-39997.457784491766
6339,-39597.819088348835
6341,-39616.898490101
6344,-39558.083716998866
6347,-39412.30915785089
6349,-40107.40731963577
6352,-39609.49423110245
6355,-39694.88162274209
6358,-39535.890588583556
6361,-39625.27555912222
6363,-39486.84537053767
6366,-39483.90952083143
6369,-39629.394071217735
6371,-39431.99889943095
6374,-39509.27311247208
6377,-39740.1948719767
6380,-39660.48141774073
6382,-39658.87914561039
6385,-39513.420037922406
6388,-39573.66710151779
6390,-39454.69524215852
6393,-39488.352913263756
6396,-39538.36554423174
6398,-39526.52217459418
6401,-39521.71370757308
6404,-39414.18221199992
6406,-39503.90361780564
6409,-39582.81933442954
6412,-39584.36466920646
6415,-39495.82330412578
6417,-39502.31637903052
6420,-39515.78290943954
6423,-39524.956525423615
6425,-39685.40935927346
6428,-39915.446857896466
6431,-39538.49916029316
6434,-39568.14789710105
6437,-39502.06038751451
6439,-39624.19845706022
6442,-39651.32484460591
6445,-39557.95979371191
6447,-39663.09062117166
6450,-39511.92291527393
6453,-39528.76700283698
6455,-39431.0769017646
6458,-39637.398485766695
6461,-39421.66485743624
6463,-39448.29961104216
6466,-39770.599135411365
6469,-39524.08835466892
6471,-39595.21813338394
6474,-39410.526762136156
6477,-39870.398155022966
6480,-39614.22963803331
6482,-39814.09492123461
6485,-39560.439605382926
6488,-39489.314567296344
6490,-39630.75128192973
6493,-39535.36798155769
6495,-39501.53091135804
6498,-39463.2202757046
6501,-39731.740515355494
6504,-39519.82982113648
6506,-39461.585960932265
6509,-39458.80406663261
6512,-39753.02729301216
6514,-39532.51697615264
6517,-39434.73453604263
6520,-39605.52063756181
6523,-39588.487626256305
6525,-39948.913850251614
6528,-39705.61778903234
6530,-39675.00583516658
6533,-39476.847354324025
6535,-39503.230296924485
6538,-39658.36508596701
6541,-39716.504320421016
6543,-39487.57250712019
6546,-39453.42976787851
6548,-39473.56338055074
6551,-39422.51614499559
6554,-39460.65260372437
6556,-39463.87684222556
6559,-39478.32931213698
6562,-39634.144039183666
6564,-39497.43189551765
6567,-39470.340686279946
6570,-39659.80228099081
6573,-39471.430281475725
6575,-39413.5161997904
6578,-41918.06228885099
6581,-39646.5186742226
6583,-39450.52619193595
6586,-39540.62748490484
6589,-39589.58850111028
6592,-39442.291777920655
6594,-39515.02291573375
6596,-39698.88425928446
6599,-39623.70110291242
6602,-39534.956718084235
6605,-39687.39599053785
6608,-39557.491490437984
6610,-39927.17220042687
6613,-39496.903621784084
6616,-39556.76068710585
6618,-39685.50449786665
6621,-39461.237168337364
6624,-39747.22324121486
6627,-39474.67431495029
6629,-39481.696572832356
6631,-39663.778425657685
6634,-39523.31442182231
6637,-39567.956704365104
6640,-39873.4695593802
6642,-39572.37525821361
6645,-39529.61257871422
6648,-39540.97747453196
6650,-39443.67425483872
6653,-39525.17469524904
6656,-39470.48666153739
6659,-39640.970442907266
6661,-39501.31636633254
6664,-39419.4182065613
6667,-39503.24629486119
6669,-39589.913450641325
6672,-39557.71263346807
6675,-39643.521663215986
6678,-39587.82605140452
6680,-39487.295025307016
6683,-39676.77385351569
6685,-39577.26028250989
6688,-39554.21895022078
6691,-39538.4655842774
6694,-39490.55540417235
6696,-39671.6827190606
6699,-39499.603827471816
6702,-39592.837933554336
6704,-39683.9490661385
6707,-39542.855973770995
6710,-39467.73432185406
6713,-39510.72618814518
6716,-40247.792939811545
6718,-39515.923230087596
6721,-39453.87635221697
6724,-39559.11842633746
6727,-39497.31808840911
6729,-39410.50198309205
6732,-39484.10520584157
6735,-39631.02657689991
6738,-39576.30416736278
6740,-39526.84314528197
6743,-39500.481863404
6746,-39511.71381295554
6748,-39605.77560350516
6751,-39566.102785315554
6754,-39510.29192477846
6757,-39516.831544497945
6759,-39428.87649622399
6762,-39538.861601325225
6765,-39562.531369094744
6768,-39458.38143376022
6770,-39625.71800770119
6773,-39484.71220781286
6776,-39564.59233447756
6778,-39446.03506922856
6781,-39512.0914024395
6783,-39626.62115220502
6786,-39764.9239610472
6789,-39500.652934916434
6791,-39512.98421163929
6794,-39552.94579386389
6797,-39559.255447669486
6799,-39765.66981270338
6802,-39512.627781762
6805,-40017.42345983563
6808,-39589.11198849364
6810,-39661.50451813224
6813,-39779.015824432536
6815,-39529.72942431381
6818,-39724.27079347271
6821,-39460.20326942887
6823,-39505.70521635696
6826,-39391.15914298897
6829,-39913.402955763995
6832,-39548.44678248775
6835,-39670.28094722076
6837,-39534.30114081585
6840,-39550.427158803235
6843,-39461.91073358001
6845,-39500.585228085474
6848,-40127.88093284387
6850,-39585.277973460696
6853,-39461.26380759192
6856,-39632.68548286299
6859,-39521.72319564883
6861,-39536.7877572353
6864,-39445.23420767872
6867,-39670.731727677245
6869,-39560.73544876439
6872,-39498.70072169585
6875,-39632.553503296
6878,-39496.34462049509
6880,-39470.544720017046
6883,-39850.8980826901
6885,-39723.27635487596
6888,-39540.15570728846
6890,-39558.29536844257
6893,-39527.05993050781
6896,-39670.30309320592
6899,-39803.13868804411
6902,-39610.82232946485
6905,-39582.366657499806
6907,-39676.34981665523
6910,-39507.262446799454
6912,-39620.26496102741
6915,-39517.921062654794
6918,-39580.83789813342
6920,-39501.548701822925
6923,-39467.06195345808
6926,-39582.8539261231
6929,-39602.93140108247
6931,-39602.61026666175
6934,-39444.812609279325
6936,-39617.941883202955
6939,-39484.943408960055
6941,-39579.88432564858
6944,-39568.22790596624
6947,-39599.81095213197
6949,-39577.251423976464
6952,-39514.898015160885
6954,-39530.15939396555
6958,-39617.503473437435
6960,-39509.430400805155
6963,-39658.56556925148
6965,-39595.18249775475
6969,-39584.2194123841
6971,-39520.54122728599
6974,-39396.861898627314
6977,-39464.58078329184
6980,-39551.935169413126
6982,-39448.62593230753
6985,-39649.91458012872
6987,-39509.40422076384
6990,-39936.11404542411
6993,-39789.71240908044
6996,-39885.57707630231
6999,-39577.27986741407
7002,-39421.98979876671
7005,-40116.47518458665
7007,-39566.347987620735
7010,-39595.58389188689
7014,-39543.41778841505
7016,-39546.0254070006
7019,-39681.22243837645
7022,-39766.94225686044
7025,-39438.21849493806
7027,-39485.5333435397
7030,-39368.48861561879
7032,-40336.4600667088
7035,-39540.16429704161
7038,-39571.334528627696
7041,-39429.25611235843
7043,-41583.20677665922
7046,-39629.06692678454
7049,-39727.74171029761
7051,-39504.323884276426
7054,-39986.15280399716
7057,-39566.024324089776
7059,-39541.38057051678
7062,-39514.06415454578
7065,-39805.90401564032
7067,-40600.26138633674
7070,-39650.97982052803
7072,-39475.894995307295
7075,-39492.08593771644
7078,-39539.69973808179
7081,-39468.22976453983
7083,-39402.34427802213
7086,-39545.87328763417
7089,-39508.16713643474
7091,-39573.099928857555
7094,-39473.69884696419
7097,-39442.356001662774
7100,-39418.46947971089
7103,-39579.67632990662
7105,-39567.63768148383
7108,-39532.22617236725
7111,-39434.54390087774
7113,-39484.17684530394
7116,-39555.8303678435
7119,-39510.981389227454
7121,-39523.13209018486
7124,-39366.68752820493
7127,-39656.30553842
7130,-39504.96104703011
7133,-40211.70136155159
7136,-39521.609037989896
7138,-39535.412636424124
7141,-39498.61792348132
7144,-39554.60824699682
7147,-39424.72195528745
7149,-39515.83576698837
7152,-39557.10665820121
7154,-39859.888103059435
7157,-39587.835879046674
7160,-39617.000883165165
7162,-39474.17918321464
7165,-39489.679421228124
7168,-39468.74727506801
7171,-39620.632449523204
7173,-39492.17229200182
7175,-39494.36305688978
7178,-39683.13080322667
7181,-39516.365289512396
7183,-39383.27467076294
7186,-39526.82110866814
7189,-39508.537429436416
7191,-39560.30314918561
7194,-39890.234827400614
7197,-39538.13769411067
7200,-39515.5367297514
7202,-39510.304878837494
7205,-39658.082423879765
7208,-39475.66276217978
7211,-39515.156374216516
7214,-39497.10623422402
7217,-39782.686273569474
7220,-39632.23601775606
7222,-39505.72016152287
7225,-39458.97667663942
7227,-39597.64733035382
7230,-39516.21088750061
7233,-39503.6805550202
7236,-39522.78786152343
7238,-39563.07384132645
7241,-39573.56294493283
7243,-39517.68230970608
7246,-39631.35290656043
7249,-39442.896507716534
7252,-39462.85847300027
7254,-39534.20803991808
7257,-39507.78623443918
7260,-39458.2020516894
7262,-39456.74479330904
7265,-39606.18026636915
7268,-39663.03406637472
7270,-39655.07838094203
7273,-39558.89614889636
7275,-39873.697433959656
7278,-39480.901787537485
7280,-39549.133314533196
7283,-39428.47805336701
7286,-39515.97015142905
7289,-39632.276570367525
7291,-39545.80093262815
7294,-39589.375347455876
7297,-39470.11980003552
7299,-39480.03898769526
7302,-39465.09689433529
7305,-39651.57570545068
7308,-39492.10435110335
7310,-39504.885704688844
7313,-39552.5302866685
7315,-39620.23362382624
7318,-39492.25431886878
7321,-39482.27541588241
7323,-39575.200439142674
7326,-39491.644036284175
7329,-39607.37821613798
7332,-39525.17464944518
7334,-39555.17314609055
7337,-39455.14169395497
7340,-39592.360519055655
7342,-39571.33296855876
7345,-39675.885598106455
7348,-39732.72418023884
7350,-39551.62118185869
7353,-39770.14364065086
7355,-39458.24646299532
7358,-39501.82884998023
7360,-39396.33595683408
7363,-39408.89536628541
7366,-39511.23088805072
7369,-39716.07321182184
7371,-39461.64489075167
7374,-39660.121052859424
7377,-39536.99255597949
7380,-39536.03871656984
7382,-39502.8305209752
7385,-39867.92598635424
7388,-39473.44931586824
7390,-39481.871856109974
7393,-39734.664040981326
7396,-39542.71491262316
7398,-39585.200855959134
7401,-39514.789308671716
7404,-39479.07523047064
7406,-39874.86534215274
7409,-39457.49708351193
7412,-39860.05550778702
7414,-39524.12387232542
7417,-39483.89080737847
7420,-39642.4246028221
7422,-39559.11654265989
7425,-39608.971040306176
7428,-39471.473347476465
7430,-39577.49025323871
7433,-39491.100048179695
7436,-39641.702001733036
7439,-39490.667565905205
7441,-39535.85952335451
7444,-39713.794650319214
7447,-39622.42492911114
7449,-39464.898064496054
7452,-39667.291885952065
7455,-39394.3529874895
7458,-39481.37381794004
7460,-39674.7456989
7463,-39482.285907821475
7465,-39422.47929434806
7468,-39572.3052105946
7471,-39656.04755938031
7473,-39578.30035856412
7476,-39619.000640763596
7479,-39563.980464765176
7482,-39565.896545424286
7484,-39676.43289773638
7487,-39548.71513843456
7490,-39623.4016953035
7492,-39505.549336729964
7495,-39492.76253372666
7498,-39951.81877095747
7500,-39884.6419293705
7503,-39434.363105156655
7505,-39466.69144224552
7508,-39502.271212703985
7511,-39441.16914052366
7514,-39510.30893010573
7516,-40310.28007005422
7519,-39553.8621568184
7522,-39593.48965973787
7525,-39459.28707718357
7527,-39710.237560915986
7530,-39458.29084586084
7533,-40147.3707522185
7535,-39459.34334150197
7538,-39597.546558090384
7541,-39584.48079939039
7544,-39485.301894080076
7546,-39476.710968699044
7549,-39709.447615993966
7552,-39846.298137190715
7554,-39954.61703947846
7557,-39537.5782395138
7560,-39524.632495061225
7563,-39640.73360301914
7566,-39530.97357245076
7568,-39455.83012434775
7571,-39498.373350907015
7573,-39546.425845050326
7576,-39448.13155492782
7579,-39601.065239216114
7581,-39575.89778191175
7584,-39489.68620059991
7587,-39493.468253474995
7590,-39562.43118785513
7593,-39442.38996815214
7596,-39744.31315932608
7598,-39502.41314966779
7601,-39774.51346425871
7604,-39427.31595282572
7606,-39465.25592645382
7609,-39562.870066852614
7611,-39563.356844220616
7614,-39641.53955944856
7617,-39535.20811289655
7620,-39588.35942036328
7622,-39512.34471101286
7625,-39528.67032270511
7627,-39553.2687642797
7630,-39916.53186226495
7632,-39482.72101156717
7635,-39575.52180117789
7638,-39677.09176492293
7641,-39408.064422871656
7643,-39821.65911765942
7646,-39482.54087636292
7649,-39467.39583754004
7653,-39446.10030487946
7655,-39429.06264602225
7658,-39467.94781557303
7660,-39502.567026931836
7663,-39525.493707652124
7666,-39555.83454665486
7668,-39598.23839122927
7671,-39617.86496862469
7674,-39522.677367391196
7676,-39561.15684659916
7679,-39568.97413382703
7682,-39554.650777001174
7685,-39609.73936615352
7687,-39584.65051414688
7690,-39525.62178423968
7693,-39454.59677209171
7695,-39419.62645327506
7698,-39598.46234624826
7701,-39640.85035559873
7704,-39582.10360931584
7706,-39580.76033094446
7709,-39640.9307949679
7711,-39552.20368192926
7714,-39522.13932343914
7717,-39822.70291696198
7720,-39568.32050560346
7722,-39521.82086333408
7725,-39575.26973432087
7728,-39575.587334871234
7731,-39554.14964641798
7733,-39576.072233368395
7736,-39614.37901890572
7739,-39681.53052429837
7742,-39512.60664224393
7744,-39656.05503255928
7747,-39530.59071373745
7750,-39471.81471303904
7753,-39575.24414631839
7755,-39618.09365986935
7758,-39512.002924157954
7760,-39461.8489498266
7763,-39664.0083355829
7766,-39460.984610749714
7768,-39636.42983303033
7771,-39504.536839280125
7774,-39622.08699831823
7776,-39757.62201298268
7779,-39495.535590697706
7781,-39972.91842069216
7784,-39605.96605803154
7787,-39476.06914261608
7790,-39462.71015737282
7792,-39515.329037852454
7795,-39630.58566636627
7798,-39539.40170963841
7800,-39580.422735463755
7803,-39522.000202753494
7806,-39559.27463325749
7808,-39457.668414166896
7811,-39390.0971681029
7813,-39504.315055428706
7816,-39545.277974326615
7818,-39573.413071521085
7821,-39595.51067662459
7824,-39575.06265478679
7827,-39735.406477692304
7829,-39548.736163090645
7832,-39714.67742918948
7835,-39485.15594913875
7837,-39470.95367805135
7840,-39969.16414438763
7843,-39400.57824932519
7845,-39422.257956785696
7848,-39522.583164832635
7851,-39609.357014301444
7853,-39756.33413043857
7856,-39527.76476881605
7859,-39610.976392645374
7861,-39465.98054965686
7864,-39522.72961471309
7867,-39515.39163431978
7869,-39508.67981602811
7872,-39757.5110874027
7875,-39587.25076512616
7877,-39664.41278493252
7880,-39447.98770729682
7883,-39525.38985270471
7886,-39439.07603507425
7889,-39492.37215050956
7891,-39463.60453943993
7894,-39497.933910542946
7897,-39494.56860243858
7900,-39746.354005229005
7902,-39490.31074695826
7905,-39462.59281412088
7908,-39494.999529089124
7910,-39527.90660116342
7913,-39522.27366787025
7915,-39481.69634612247
7918,-39636.07110517954
7921,-39792.92375479374
7923,-39506.12166495541
7926,-40300.84186043564
7928,-39508.202049782645
7931,-39565.43501091758
7934,-39594.86379866932
7936,-39524.15802402268
7939,-39610.69892600192
7942,-41133.38345895157
7945,-39413.50169502546
7947,-39605.65134851937
7950,-39501.450012606016
7953,-39787.70464454829
7956,-39518.48626356176
7959,-39645.967573797716
7962,-39452.332715183125
7965,-39545.96098898406
7967,-39463.44720092061
7970,-39560.646374596196
7973,-39445.755675906126
7975,-39457.47719467451
7978,-39749.51346806836
7981,-39429.613428605655
7984,-39443.62446906742
7986,-39685.99143793872
7989,-39578.911049596936
7992,-39708.236078839785
7995,-39565.61655632739
7997,-39620.82658235547
8000,-39683.604906426874
8003,-39610.88213735474
8005,-39611.62934460981
8008,-39595.08523090949
8011,-39457.38159713529
8013,-39504.609516832854
8017,-40290.03527785528
8019,-39581.02268157716
8022,-39649.91887640241
8024,-39395.88703185635
8027,-39579.77240607051
8030,-39541.53435056409
8032,-39579.267447914535
8035,-39878.80795272248
8038,-39519.05761339702
8040,-39581.201733072536
8043,-39696.27624957989
8045,-39561.44889129424
8048,-39480.01884804894
8051,-39510.68680060998
8054,-39407.97249618521
8056,-39566.989030600984
8059,-39575.82622143111
8062,-40355.74247067778
8065,-39446.81185132366
8067,-39427.04576633986
8070,-39590.006438064054
8072,-39446.30059401741
8075,-39622.349960886255
8078,-39471.191557014856
8081,-39614.7461309614
8083,-39471.73651649959
8086,-39377.523976517594
8088,-39678.238255348464
8091,-39478.847160477664
8094,-39494.878179643965
8097,-39928.04616903329
8099,-39593.135020924274
8102,-39476.460529397686
8105,-39547.80305536519
8107,-39570.24367418916
8110,-39557.6392977885
8113,-39679.096361895085
8115,-39599.92602449899
8118,-39645.22292855097
8121,-39644.455368605246
8124,-39612.1289718124
8126,-39656.87280896981
8129,-39641.629484059085
8131,-39722.89223887013
8134,-40020.561557446046
8137,-39587.22085692665
8139,-39541.599866566416
8142,-39441.99157712915
8144,-39560.94194796207
8147,-39510.77454747548
8150,-39634.47764814853
8152,-39447.07733995156
8155,-39725.45365186893
8158,-39560.431403084636
8160,-39984.493999292645
8163,-39559.75426279923
8166,-39556.14636259689
8169,-39489.21075735711
8172,-39407.2973804606
8174,-39485.27872370986
8177,-39575.53380532482
8180,-39461.72493124557
8182,-39506.12403960692
8185,-39565.840920958275
8188,-39504.72138733343
8191,-39553.77212932072
8194,-39459.182415090814
8196,-39567.314282526466
8199,-39530.362262857256
8201,-39483.66974016153
8204,-39786.64171391866
8206,-39729.77394343145
8209,-39473.681201667394
8212,-39507.363618574316
8215,-39872.440897479624
8218,-39601.49453408756
8221,-39756.67705086017
8223,-39421.83686750423
8226,-39558.5354914478
8228,-39477.64078880731
8231,-39480.028772674144
8234,-39509.4965072065
8236,-39453.04613054294
8239,-39560.12529551733
8242,-39467.614152271984
8245,-39494.213771613904
8248,-39446.61400079709
8251,-40228.220033819016
8253,-39840.46696764254
8256,-39565.539064649725
8259,-39448.980036779445
8261,-39515.27653930917
8264,-39525.549534047575
8267,-39579.293664223944
8269,-39475.678563128706
8272,-39509.65792428272
8275,-39510.59848423471
8277,-39572.902809561645
8280,-39638.37716372576
8283,-39470.41521429484
8286,-39510.038335651254
8288,-39485.23316147408
8291,-39553.84470591591
8294,-39628.685967117824
8296,-39475.697115991425
8299,-39428.85493965629
8302,-40021.486094631204
8304,-39486.086305162506
8307,-39464.74362143912
8310,-39645.28310886921
8312,-39551.2488929218
8315,-39482.16782234749
8318,-39434.403645323786
8320,-39425.63779489005
8323,-40049.16191064382
8326,-39547.53864312955
8328,-39603.814287776535
8331,-39888.31370930636
8334,-39482.19940298935
8336,-39833.43137040949
8339,-39926.61263900054
8342,-39662.06129780067
8345,-39527.0004516309
8347,-39721.57920795637
8350,-39676.36057788656
8353,-39575.47189498191
8355,-39828.42052811068
8358,-39452.880224196015
8360,-39654.138140768075
8363,-39464.109674123276
8366,-39452.59586668352
8368,-39797.89121581645
8371,-39517.896139067954
8374,-39484.11458478317
8376,-39481.08651180752
8379,-42260.484741916516
8382,-39700.10053202493
8384,-39430.422855711775
8387,-39434.0209285539
8389,-39581.055134951646
8392,-39488.99250042985
8395,-39462.49087646465
8397,-39551.6900737396
8400,-39464.134137407986
8403,-39460.729589534676
8405,-39520.06755652499
8408,-39659.32807410256
8411,-39605.96352649815
8414,-39750.86532509754
8416,-39604.00895600401
8419,-39657.1482806317
8422,-39633.59267824009
8425,-39421.62812871668
8428,-39557.82398848915
8430,-39378.79037413052
8433,-39403.53455219042
8436,-39523.427930536935
8438,-39491.40659019298
8441,-39439.972910255616
8443,-39628.90979110418
8446,-39539.38244307103
8449,-39561.40554192411
8451,-39528.75103501548
8454,-39783.431775229474
8457,-39476.22545119577
8459,-39558.10047447016
8462,-39550.473696313624
8464,-39441.034414120346
8467,-39591.74809685519
8470,-39481.4903471715
8473,-39371.96551619716
8476,-41024.32149397354
8478,-39599.554123219874
8481,-39806.526606621024
8484,-39483.64224017227
8486,-40142.635670358846
8489,-39583.64568102648
8492,-39489.384225450805
8494,-39574.434998126184
8497,-39536.06330669681
8500,-39893.123905499095
8503,-39583.97415140966
8505,-39542.74089437333
8508,-39649.72168935394
8511,-39660.75590513724
8513,-39653.23619976442
8516,-39582.686100754225
8519,-39532.736868023676
8522,-39399.37928818363
8525,-39611.675220611876
8527,-39515.424031557064
8530,-39464.93478199843
8533,-39473.83273419981
8535,-39566.94622758907
8538,-39547.49475466076
8541,-39480.50027277192
8544,-39462.7364792187
8546,-39396.578974218246
8549,-39572.37649986146
8552,-40507.711101516026
8555,-39485.07334462327
8558,-39450.51871294214
8560,-39557.6888021586
8563,-39568.09946940858
8566,-39637.73400202874
8568,-39547.91417663877
8571,-39413.33068870667
8574,-39568.52299859683
8577,-39677.90101947267
8579,-39984.50916354169
8582,-39655.40700982375
8584,-39548.30147041
8587,-39702.32297855813
8590,-39619.569102110225
8592,-39817.8288846683
8595,-39417.47806629335
8598,-39535.12147845361
8600,-39725.06116293555
8603,-39565.43407557225
8605,-39450.048190088244
8608,-39466.790681157494
8611,-39903.45156372774
8613,-39527.6009047222
8616,-39483.454064695994
8619,-39573.28869547679
8621,-39698.17581057201
8624,-39507.7723782578
8627,-39469.905565074005
8630,-39485.13321273711
8632,-39410.249867757986
8635,-39481.037935341024
8638,-39512.36032443355
8641,-39524.10632240973
8643,-39631.39381847718
8646,-39923.780806100825
8649,-39437.563904646704
8652,-39522.17748010919
8654,-39404.41981429269
8657,-39542.9845639635
8660,-39440.471079602925
8663,-39546.88463198508
8665,-39761.04655770426
8667,-39423.72294108404
8670,-39475.763653483984
8673,-39466.799680789714
8676,-39657.78417953546
8678,-39552.33349155483
8681,-39698.90308145351
8684,-39678.19820561964
8686,-39531.609908212624
8689,-39478.52181183778
8691,-39449.31009922767
8694,-39684.24660975477
8697,-39508.70362814144
8700,-39516.533707410366
8702,-39537.55146149954
8705,-39845.39157188043
8708,-39592.194665881936
8710,-39462.3623149302
8713,-39520.80857732074
8716,-39457.12536988855
8719,-39484.44630028725
8721,-39441.149605904204
8724,-39441.715856780946
